<!--  
     The GNU Free Documentation License 1.1 in DocBook
     Markup by Ronald van Engelen
-->

<appendix id="gfdl">
  <appendixinfo>
    <releaseinfo>
      Version 1.1, March 2000
    </releaseinfo>
    <copyright>
      <year>2000</year><holder>Free Software Foundation, Inc.</holder>
    </copyright>
    <legalnotice id="fdl-legalnotice">
      <para>
	<address>Free Software Foundation, Inc. <street>59 Temple Place, 
        Suite 330</street>, <city>Boston</city>, <state>MA</state>  
        <postcode>02111-1307</postcode>  <country>USA</country></address> 
	Everyone is permitted to copy and distribute verbatim copies of this 
        license document, but changing it is not allowed.
      </para>
    </legalnotice>
  </appendixinfo>
  <title>GNU Vrije Documentatie Licentie</title>
  <subtitle>Versie 1.2, november 2002</subtitle>

  <section id="gfdl-0">
    <title>INTRODUCTIE</title>
      <para>
    	This is an unofficial translation of the GNU Free Documentation
    	License into Dutch. It was not published by the Free Software Foundation,
    	and does not legally state the distribution terms for documentation that
    	uses the GNU FDL -- only the original English text of the GNU FDL does
    	that. However, we hope that this translation will help Dutch speakers
    	understand the GNU FDL better.
      </para>
      <para>
    	Dit is een onoffici&#235;le vertaling van de GNU Free Documentation
    	License in het Nederlands. Ze is niet gepubliceerd door de Free Software
    	Foundation en doet geen juridisch bindende uitspraken betreffende de
    	condities voor distributie van documentatie die gebruik maakt van de GNU
    	FDL -- die worden uitsluitend in de originele Engelse versie van de GNU FDL
    	vastgelegd. We hopen echter dat deze vertaling Nederlands sprekende
    	personen helpt de GNU FDL beter te begrijpen.
      </para>
    <para>De doelstelling van deze Licentie is het "vrijmaken" van een
    handleiding, leerboek of ander functioneel en nuttig document in de zin van
    vrijheid: het verzekert iedereen van het recht het onderhavige document te
    mogen kopi&#235;ren en verspreiden, in al dan niet gewijzigde vorm, in
    commerci&#235;le en niet-commerci&#235;le hoedanigheid. Daarnaast voorziet
    deze Licentie in een methode ten behoeve van de auteur en uitgever om
    verdiensten voor hun werk te krijgen, zonder daarbij verantwoordelijk te
    worden gesteld voor de wijzigingen die door anderen zijn
    aangebracht.</para>
    <para>Deze Licentie is een vorm van "copyleft", waarmee bedoeld wordt dat
    van het betreffende document afgeleide werken zelf ook in dezelfde
    betekenis van het woord "vrij" dienen te zijn. Het is een aanvulling op de
    GNU Algemene Publieke Licentie, hetgeen een "copyleft" licentie voor vrije
    software is.</para>
    <para>Deze Licentie is zo opgesteld dat hij gebruikt kan worden voor
    handleidingen van vrije software, immers vrije software heeft vrije
    documentatie nodig: een vrij programma behoort voorzien te worden van
    handleidingen die dezelfde vrijheid bieden als het programma zelf. Deze
    Licentie is echter niet beperkt tot handleidingen van programmatuur: ze kan
    worden toegepast op iedere tekst, ongeacht het onderwerp en of het in
    boekvorm wordt gepubliceerd of niet. Deze Licentie wordt met name
    aanbevolen voor werken die in instructie voorzien en voor
    naslagwerken.</para>
  </section>
  <section id="gfdl-1">
    <title>TOEPASBAARHEID EN DEFINITIES</title>
    <para id="gfdl-doc">Deze Licentie is van toepassing op iedere handleiding
    of ander werk, in welk medium dan ook, die voorzien is van een
    kennisgeving, daar geplaatst door de houder van de auteursrechten, waarin
    bepaald wordt dat het verspreid mag worden onder de condities van deze
    Licentie. Een dergelijke kennisgeving verleent een wereldwijde,
    honorarium-vrije en in tijdsduur onbeperkte licentie om dat werk te
    gebruiken onder de condities die hierin vastgelegd zijn. De term
    "Document", zoals hier verder gebruikt, slaat op een dergelijke handleiding
    of werk. Ieder lid van het publiek is een licentiehouder en wordt verder
    aangeduid met u. U accepteert de licentie als u het onderhavige werk
    kopieert, wijzigt of distribueert op enige wijze die toestemming vereist
    binnen de auteursrechtelijke wetgeving.</para>
    <para id="gfdl-mod-sect">Met een "Gewijzigde Versie" van het document wordt
    bedoeld ieder werk dat het document, of delen ervan, bevat, al dan niet
    woordelijk gekopieerd of met verandering en/of vertaald in een andere
    taal.</para>
    <para id="gfdl-secnd-sect">Een "Secundaire Sectie" is een benoemde appendix
    of een voorwerk sectie van het Document die zich uitsluitend bezighoudt met
    de relatie tussen de uitgevers of auteurs van het Document en het globale
    onderwerp van het Document (of met daaraan gerelateerde zaken) en dat niets
    bevat dat direct binnen dat globale onderwerp zou kunnen vallen. (Dus als
    het Document gedeeltelijk een wiskunde leerboek is, mag een Secundaire
    Sectie geen uitleg van wiskunde bevatten.) De relatie kan een historisch
    verband met het onderwerp of daaraan gerelateerde zaken betreffen of een
    juridisch, commercieel, filosofisch, ethisch of politiek standpunt
    daarover.</para>
    <para id="gfdl-inv-sect">"Invariante Secties" zijn bepaalde Secundaire
    Secties waarvan de titels zijn aangeduid als zijnde die van Invariante
    Secties in de kennisgeving waarin wordt aangegeven dat het Document is
    uitgebracht onder deze Licentie. Valt een sectie niet binnen de hierboven
    beschreven definitie van Secundaire Sectie, dan mag die niet als Invariant
    aangeduid worden. Het Document behoeft geen Invariante Secties te bevatten.
    Worden er in het Document geen Invariante Secties benoemd, dan zijn ze er
    niet.</para>
    <para id="gfdl-cov-text">"Omslagteksten" zijn bepaalde korte passages tekst
    die, als tekst voor de Voorkant of de Achterkant, worden vermeld in de
    kennisgeving die aangeeft dat het Document is vrijgegeven onder deze
    Licentie. Een omslagtekst voor de Voorkant mag ten hoogste uit 5 woorden
    bestaan, een omslagtekst voor de Achterkant mag ten hoogste 25 woorden
    bevatten.</para>
    <para id="gfdl-transparent">Met een "Transparante" kopie van het Document
    wordt bedoeld een voor een machine leesbare kopie, aangeboden in een
    formaat waarvan de specificatie openlijk beschikbaar is voor het publiek,
    die geschikt is voor ongecompliceerde herziening van het document met
    algemene tekstverwerkers of (voor afbeeldingen bestaande uit pixels)
    schilderprogramma's of (voor tekeningen) een wijdverbreid tekenprogramma en
    die geschikt is als invoer voor tekstopmakers of voor automatische
    vertaling naar een keur van formaten geschikt als invoer voor
    tekstopmakers. Een kopie gemaakt in een op andere wijze transparant
    bestandsformaat waarvan de opmaak, of afwezigheid van opmaak, is
    gemanipuleerd om latere wijziging door lezers te ontmoedigen of belemmeren
    is niet Transparant. Een afbeeldingsformaat is niet Transparant als het
    gebruikt wordt voor enige substanti&#235;le hoeveelheid tekst. Een kopie
    die niet Transparant is wordt "Opaak" genoemd.</para>
    <para>Voorbeelden van gepaste formaten voor Transparante kopie&#235;n zijn
    platte ASCII tekst zonder opmaak, Texinfo invoerformaat, LaTeX
    invoerformaat, SGML of XML die gebruik maakt van een publiek beschikbare
    DTD en standaard-conforme HTML, PostScript of PDF ontworpen voor
    manipulatie door personen. Voorbeelden van Tranparante afbeeldingsformaten
    zijn PNG, XCF en JPG. Opake formaten omvatten eigendomsrechtelijk
    beschermde formaten die uitsluitend door eigendomsrechtelijk beschermde
    tekstverwerkers kunnen worden gelezen en gemanipuleerd, SGML of XML waarvan
    de DTD en/of de verwerkende middelen niet algemeen beschikbaar zijn en door
    machines geproduceerde HTML, PostScript of PDF geproduceerd door sommige
    tekstverwerkers voor uitsluitend uitvoerdoeleinden.</para>
    <para id="gfdl-title-page">De "Titelpagina" omvat, voor een gedrukt boek,
    de titelpagina zelf plus de daaropvolgende pagina's die, leesbaar, het
    materiaal bevatten waarvan door deze Licentie wordt voorgeschreven dat het
    in de titelpagina dient te verschijnen. Voor werken in formaten die geen
    titelpagina kennen duidt Titelpagina op de tekst nabij de meest prominente
    verschijning van de titel van het werk, voorafgaand aan de eigenlijke
    tekst.</para>
    <para id="gfdl-entitled">Een sectie "Betiteld als XYZ" duidt op een
    onderdeel van het Document waarvan de titel ofwel letterlijk XYZ is of
    waarvan de titel XYZ tussen haakjes bevat volgend op tekst die XYZ vertaalt
    in een andere taal. (Hier staat XYZ voor een specifieke naam van een sectie
    die hieronder genoemd wordt, zoals "Dankbetuigingen", "Toewijdingen",
    "Aanbevelingen" of "Historie".) Het "Behouden van de Titel" van een
    dergelijke sectie wanneer u het Document wijzigt betekent dat het een
    sectie "Betiteld als XYZ" blijft volgens deze definitie.</para>
    <para>Het Document mag Garantiebepalingen bevatten naast de kennisgeving
    die aangeeft dat deze Licentie van toepassing is op het Document. Deze
    Garantiebepalingen worden verondersteld per referentie opgenomen te zijn in
    deze Licentie, maar alleen voor zover het vrijwaringen van garantie
    betreft: iedere andere implicatie van deze Garantiebepalingen is nietig en
    heeft geen invloed op de inhoud van deze Licentie.</para>
  </section>
  <section id="gfdl-2">
    <title>VERBATIM KOPI&#203;REN</title>
    <para>U mag het Document kopi&#235;ren en verspreiden in elk medium, zowel
    commercieel als niet-commercieel, onder het voorbehoud dat deze Licentie,
    de auteursrechtelijke kennisgevingen en de licentiekennisgeving die
    aangeeft dat deze Licentie van toepassing is op het Document weergegeven
    worden in alle kopie&#235;n, en dat u geen enkele andere conditie toevoegt
    aan de condities van deze Licentie. U mag geen technische maatregelen nemen
    die het lezen of verder kopi&#235;ren van de exemplaren die u maakt of
    verspreidt belemmeren of controleren. U mag echter wel compensatie
    accepteren in ruil voor exemplaren. Indien u een groot genoeg aantal
    exemplaren verspreidt moet u ook de richtlijnen in sectie 3 volgen.</para>
    <para>U mag ook exemplaren uitlenen, onder dezelfde condities als hierboven
    aangegeven, en u mag kopie&#235;n in het openbaar vertonen.</para>
  </section>
  <section id="gfdl-3">
    <title>KOPI&#203;REN IN GROTE AANTALLEN</title>
    <para>Indien u gedrukte kopie&#235;n (of kopie&#235;n in media die
    gewoonlijk voorzien zijn van gedrukte omslagen) van het Document
    publiceert, in aantal meer dan 100, en de licentie van het Document vereist
    omslagteksten, dan moet u de kopie&#235;n voorzien van omslagen die
    duidelijk en leesbaar de volgende omslagteksten dragen: Omslagtekst voor de
    Voorkant op de voorkant en Omslagtekst voor de Achterkant op de achterkant.
    Beide Omslagteksten moeten bovendien duidelijk en leesbaar u aanduiden als
    de uitgever van deze kopie&#235;n. De Voorkant moet de volledige titel, met
    alle woorden van de titel even duidelijk aanwezig en zichtbaar, weergeven.
    U mag ander materiaal aan de omslag toevoegen. Vermenigvuldigen met
    wijzigingen die beperkt blijven tot de omslag, indien deze de titel van het
    Document behouden en voldoen aan deze condities, mag worden gezien als
    verbatim kopi&#235;ren in andere opzichten.</para>
    <para>Mochten de vereiste teksten voor de omslag te omvangrijk blijken te
    zijn om er leesbaar op te passen, dan behoort u de eerstgenoemde teksten
    (zoveel als er redelijkerwijze op passen) op de daadwerkelijke omslag te
    plaatsen en door te gaan met de rest op de aanliggende pagina's.</para>
    <para>Publiceert of verspreidt u Opake kopie&#235;n van het Document, in
    aantal meer dan 100, dan moet u iedere Opake kopie ofwel voorzien van een
    voor een machine leesbare Transparante kopie of moet u in of bij iedere
    Opake kopie een computernetwerklocatie aangeven alwaar het algemene
    netwerkgebruikende publiek, middels open-standaard netwerkprotocollen,
    toegang heeft tot een complete Transparante kopie van het Document, vrij
    van toegevoegd materiaal. Maakt u gebruik van de laatste mogelijkheid, dan
    moet u redelijkerwijs afdoende stappen nemen, wanneer u begint met de
    distributie van aanzienlijke hoeveelheden Opake kopie&#235;n, ten einde
    zeker te stellen dat deze Transparante kopie op die wijze toegankelijk
    blijft op de aangegeven locatie tot minstens een jaar na de laatste maal
    dat u een Opake kopie van die editie verspreidt naar het publiek (direct of
    via een tussenpersoon of wederverkoper).</para>
    <para>U wordt verzocht, maar u bent het niet verplicht, om contact op te
    nemen met de auteurs van het Document ruim voordat u een aanzienlijk aantal
    kopie&#235;n redistribueert, zodat zij de kans krijgen u te voorzien van
    een vernieuwde versie van het Document.</para>
  </section>
  <section id="gfdl-4">
    <title>WIJZIGINGEN</title>
    <para>Het is u toegestaan een Gewijzigde Versie van het Document te
    vermenigvuldigen en te verspreiden onder de condities beschreven in secties
    2 en 3 hierboven, mits u de Gewijzigde Versie onder exact deze Licentie
    uitbrengt, waarin de Gewijzigde Versie de rol van het Document vervult, en
    u daarmee dus licentie verleent tot verspreiding en wijziging van de
    Gewijzigde Versie aan een ieder die er een kopie van in zijn bezit heeft.
    Bovendien moet u de volgende zaken doen in de Gewijzigde Versie:</para>
    <orderedlist id="gfdl-modif-cond" numeration="upperalpha">
      <listitem>
        <simpara>Gebruik op de Titelpagina (en op de omslag, indien aanwezig)
        een titel die zich onderscheidt van die van het Document en van die van
        voorafgaande versies (die, indien bestaand, vermeld behoren te worden
        in de Historie sectie van het Document). U mag dezelfde titel als een
        voorgaande versie gebruiken als de oorspronkelijke uitgever van die
        versie u daartoe permissie heeft verleend.</simpara>
      </listitem>
      <listitem>
        <simpara>Vermeld op de Titelpagina, als auteurs, &#233;&#233;n of
        meerdere personen of entiteiten verantwoordelijk voor het auteurschap
        van de wijzigingen in de Gewijzigde Versie, vergezeld van ten minste 5
        van de oorspronkelijke auteurs van het Document (of alle
        oorspronkelijke auteurs, in geval dat er minder dan 5 zijn), tenzij zij
        u van deze verplichting ontslaan.</simpara>
      </listitem>
      <listitem>
        <simpara>Maak op de Titelpagina de naam van de uitgever van de
        Gewijzigde Versie kenbaar, als de uitgever.</simpara>
      </listitem>
      <listitem>
        <simpara>Handhaaf alle auteursrechtelijke kennisgevingen van het
        Document.</simpara>
      </listitem>
      <listitem>
        <simpara>Voeg een passende auteursrechtelijke kennisgeving voor uw
        wijzigingen toe, aansluitend op de overige auteursrechtelijke
        kennisgevingen.</simpara>
      </listitem>
      <listitem>
        <simpara>Neem, direct volgend op de auteursrechtelijke kennisgevingen,
        een licentie kennisgeving op die het publiek toestemming verleent de
        Gewijzigde Versie te gebruiken onder de condities van deze Licentie, in
        de vorm zoals beschreven in het 
        <link linkend="gfdl-addendum">addendum</link>hieronder.</simpara>
      </listitem>
      <listitem>
        <simpara>Sluit een ongewijzigde kopie van deze Licentie in.</simpara>
      </listitem>
      <listitem>
        <simpara>Handhaaf de sectie Betiteld als "Historie", Behoud haar Titel,
        en voeg er een onderdeel aan toe waarin ten minste vermeld worden, de
        titel, het jaartal, de nieuwe auteurs en de uitgever van de Gewijzigde
        Versie, zoals weergegeven op de Titelpagina. Indien er geen sectie
        Betiteld als "Historie" in het Document aanwezig is, maak er dan
        &#233;&#233;n en vermeld daarin de titel, het jaartal, de auteurs en
        uitgever van het Document zoals weergegeven op haar Titelpagina en voeg
        er een onderdeel aan toe waarin de Gewijzigde Versie wordt beschreven
        zoals aangegeven in de voorgaande zin.</simpara>
      </listitem>
      <listitem>
        <simpara>Handhaaf de netwerklocatie, mits aanwezig, gegeven in het
        Document bedoeld voor openbare toegang tot een Transparante kopie van
        het Document, evenals de netwerklocaties gegeven in het Document voor
        voorgaande versies waarop het gebaseerd is. Deze mogen geplaatst worden
        in de Historie sectie. U mag een netwerklocatie weglaten voor een werk
        dat ten minste 4 jaar voor het Document is gepubliceerd, of als de
        oorspronkelijke uitgever van de versie waarnaar deze verwijst daartoe
        permissie verleent.</simpara>
      </listitem>
      <listitem>
        <simpara>Behoud van iedere sectie Betiteld als "Dankbetuigingen" of
        "Toewijdingen" de Titel van die sectie en handhaaf in die sectie het
        wezen en de toon van ieder van de dankbetuigingen aan bijdragenden
        en/of toewijdingen die daarin gegeven worden.</simpara>
      </listitem>
      <listitem>
        <simpara>Handhaaf alle Invariante secties van het Document met
        ongewijzigde tekst en titel. Sectienummers en hun equivalent worden
        niet beschouwd als onderdeel van de titel van secties.</simpara>
      </listitem>
      <listitem>
        <simpara>Verwijder iedere sectie Betiteld als Aanbeveling. Een
        dergelijke sectie mag niet opgenomen worden in de Gewijzigde
        Versie.</simpara>
      </listitem>
      <listitem>
        <simpara>Hernoem geen bestaande sectie, zodanig dat deze wordt Betiteld
        als Aanbeveling of zo dat deze strijdig is met een Invariante
        Sectie.</simpara>
      </listitem>
      <listitem>
        <simpara>Handhaaf alle Garantiebepalingen.</simpara>
      </listitem>
    </orderedlist>
    <para>Als de Gewijzigde Versie nieuwe voorwerk secties of appendices bevat
    die aan te duiden zijn als Secundaire Secties en die geen materiaal
    bevatten dat is gekopieerd van het Document, dan staat het u vrij sommige
    of al deze secties aan te duiden als Invariant. Om dit te doen voegt u hun
    titels toe aan de lijst van Invariante secties in de licentiekennisgeving
    van de Gewijzigde Versie. Deze titels moeten zich onderscheiden van alle
    andere sectietitels.</para>
    <para>U mag een sectie Betiteld als Aanbevelingen toevoegen, mits deze
    niets anders bevat dan aanbevelingen van uw Gewijzigde Versie door
    verschillende partijen - bijvoorbeeld uitspraken gedaan in recensies of
    opmerkingen dat de tekst door een organisatie is goedgekeurd als de
    gezaghebbende definitie van een standaard.</para>
    <para>U mag een passage van maximaal 5 woorden als Omslagtekst voor de
    Voorkant en een passage van maximaal 25 woorden als Omslagtekst voor de
    Achterkant toevoegen aan het eind van de lijst van Omslagteksten in de
    Gewijzigde Versie. Slechts &#233;&#233;n passage Omslagtekst voor de
    Voorkant en &#233;&#233;n passage Omslagtekst voor de Achterkant mag worden
    toegevoegd door (of middels afspraken gemaakt met) enige entiteit. Mocht
    het Document reeds een Omslagtekst bevatten voor dezelfde omslag, in het
    verleden daaraan toegevoegd door u of middels afspraken gemaakt met
    dezelfde entiteit namens wie u handelt, dan mag u daar geen andere aan
    toevoegen. U mag echter wel de oude vervangen als u de expliciete
    toestemming daartoe heeft van de vorige uitgever die de oude heeft
    toegevoegd.</para>
    <para>De auteur(s) en uitgever(s) van het Document geven middels deze
    Licentie geen toestemming om hun naam te gebruiken voor publiciteit voor de
    Gewijzigde Versie of te doen voorkomen dat zij achter de Gewijzigde Versie
    staan of te impliceren dat zij de Gewijzigde Versie aanbevelen.</para>
  </section>
  <section id="gfdl-5">
    <title>HET COMBINEREN VAN DOCUMENTEN</title>
    <para>Het is u toegestaan dit Document te combineren met andere Documenten
    die zijn vrijgegeven onder deze Licentie, onder de voorwaarden vastgelegd
    in 
    <link linkend="gfdl-4">sectie 4</link>hierboven voor gewijzigde versies,
    mits u in deze combinatie alle Invariante Secties opneemt van alle
    oorspronkelijke documenten, zonder wijzigingen en u ze allemaal benoemt als
    Invariante Secties van het gecombineerde werk in de auteursrechtelijke
    kennisgeving daarvan en mits u al hun Garantiebepalingen handhaaft.</para>
    <para>Het gecombineerde werk behoeft slechts &#233;&#233;n kopie van deze
    Licentie te bevatten en meerdere identieke Invariante Secties mogen
    vervangen worden door een enkele kopie daarvan. Zijn er meerdere Invariante
    Secties met dezelfde naam, maar met een verschillende inhoud, dan maakt u
    de titel van iedere dergelijke sectie uniek door, tussen haakjes, aan het
    eind de naam van de oorspronkelijke auteur of uitgever van die sectie,
    indien bekend, of anders een uniek nummer, te plaatsen. Maak
    overeenkomstige aanpassingen in de sectietitels in de lijst van Invariante
    Secties in de auteursrechtelijke kennisgeving van het gecombineerde
    werk.</para>
    <para>In het gecombineerde werk moet u alle secties Betiteld als "Historie"
    uit de verschillende originele documenten combineren tot &#233;&#233;n
    sectie Betiteld als "Historie". Evenzo combineert u alle secties Betiteld
    als "Dankbetuigingen" en alle secties Betiteld als "Toewijdingen". U dient
    alle secties Betiteld als "Aanbevelingen" te verwijderen.</para>
  </section>
  <section id="gfdl-6">
    <title>VERZAMELINGEN VAN DOCUMENTEN</title>
    <para>U mag een verzameling maken, bestaande uit het Document en andere
    documenten vrijgegeven onder deze Licentie, en daarbij de individuele
    kopie&#235;n van deze Licentie in de verschillende documenten vervangen
    door een enkele kopie die is opgenomen in de verzameling, mits u in alle
    andere opzichten de voorschriften van deze Licentie volgt ten aanzien van
    het verbatim kopi&#235;ren van ieder van de documenten.</para>
    <para>Het is toegestaan een enkel document uit een dergelijke verzameling
    te halen en deze afzonderlijk te distribueren onder deze Licentie, indien u
    een kopie van deze Licentie opneemt in dat afgezonderde document en mits u
    in alle andere opzichten de voorschriften van deze Licentie volgt ten
    aanzien van het verbatim kopi&#235;ren van dat document.</para>
  </section>
  <section id="gfdl-7">
    <title>SAMENVOEGING MET ONAFHANKELIJKE WERKEN</title>
    <para>Een compilatie van het Document of zijn afgeleiden met andere
    afzonderlijke en onafhankelijke documenten of werken, in of op een drager
    van een opslag- of distributiemedium, wordt een "Aggregaat" genoemd als het
    auteursrecht voortkomend uit de compilatie niet wordt gebruikt om de
    grenzen van de juridische rechten van de gebruikers van de compilatie te
    verleggen tot buiten datgene wat de individuele werken toestaan. Is het
    Document opgenomen in een Aggregaat, dan is deze Licentie niet van
    toepassing op de andere werken in het Aggregaat, welke zelf geen afgeleide
    werken van het Document zijn.</para>
    <para>Indien de verplichtingen betreffende Omslagteksten, beschreven in
    sectie 3, van toepassing zijn op deze kopie&#235;n en beslaat het Document
    minder dan de helft van het Aggregaat, dan mogen de Omslagteksten van het
    Document geplaatst worden op omslagen die het Document binnen het Aggregaat
    omgeven, of op het elektronische equivalent van omslagen als het een
    elektronische vorm van het Document betreft. Is dat niet geval, dan moeten
    ze voorkomen op de gedrukte omslagen die het gehele Aggregaat
    omgeven.</para>
  </section>
  <section id="gfdl-8">
    <title>VERTALING</title>
    <para>Vertaling wordt beschouwd als een vorm van wijziging, dus u mag
    vertalingen van het Document verspreiden onder de condities gesteld in
    sectie 4. Het vervangen van Invariante Secties door vertalingen ervan
    vereist speciale toestemming van de houder van de auteursrechten, maar het
    opnemen van vertalingen van sommige of alle Invariante Secties naast de
    oorspronkelijke versies van deze Invariante Sectie is toegestaan. U mag een
    vertaling van deze Licentie, alle auteursrechtelijke kennisgevingen in het
    Document en alle Garantiebepalingen opnemen in het Document, mits u tevens
    de originele Engelse versie van deze Licentie en de originele versies van
    deze kennisgevingen en bepalingen opneemt. In geval van tegenstrijdigheid
    tussen de vertaling en de oorspronkelijk versie van deze Licentie of een
    kennisgeving of bepaling, prevaleert de oorspronkelijke versie.</para>
    <para>Indien een sectie in het Document is Betiteld als "Dankbetuigingen",
    "Toewijdingen" of "Historie", dan vereist de verplichting (zie sectie 4)
    tot het Behouden van een Titel (zie sectie 1) typisch dat de daadwerkelijke
    titel wordt veranderd.</para>
  </section>
  <section id="gfdl-9">
    <title>ONTBINDING</title>
    <para>Het is u niet toegestaan dit Document te kopi&#235;ren, wijzigen,
    distribueren of sublicenties te verlenen, anders dan binnen de
    uitdrukkelijke voorwaarden van deze Licentie. Iedere andere poging tot
    kopi&#235;ren, wijzigen, distribueren of sublicentie verlenen is nietig en
    doet automatisch uw rechten binnen deze Licentie vervallen. Echter, de
    licentie van partijen die kopie&#235;n, of rechten, van u hebben ontvangen
    onder deze Licentie wordt niet nietig verklaard, zolang dergelijke partijen
    deze Licentie volledig blijven nakomen.</para>
  </section>
  <section id="gfdl-10">
    <title>TOEKOMSTIGE HERZIENINGEN VAN DEZE LICENTIE</title>
    <para>De Free Software Foundation kan van tijd tot tijd nieuwe, herziene
    versies van de GNU Vrije Documentatie Licentie publiceren. Dergelijke
    nieuwe versies zullen in de geest overeenkomen met de huidige versie, maar
    kunnen in detail verschillen opdat ze zich kunnen richten op nieuwe
    problemen of aangelegenheden. Zie http://www.gnu.org/copyleft/.</para>
    <para>Iedere versie van de Licentie wordt voorzien van een onderscheidend
    versienummer. Indien het Document aangeeft dat een specifieke versie van
    deze Licentie "of enige latere versie" van toepassing is, dan heeft u de
    keuze om de voorwaarden en bepalingen te volgen van ofwel de
    gespecificeerde versie of enige latere versie die is uitgebracht (niet als
    concept) door de Free Software Foundation. Specificeert het Document geen
    versienummer van deze Licentie, dan staat het u vrij om er zelf
    &#233;&#233;n te kiezen uit alle ooit door de Free Software Foundation
    uitgebrachte versies (niet als concept).</para>
  </section>
  <section id="gfdl-addendum">
    <title>Hoe deze licentie te gebruiken in uw documenten</title>
    <para>Ten einde deze Licentie te gebruiken in een document dat u heeft
    geschreven neemt u een kopie van de Licentie op in het document en plaatst
    u de volgende auteursrechtelijke en licentiekennisgevingen vlak na de
    titelpagina:</para>
    <blockquote id="copyright-sample">
      <para>Copyright (c) JAAR UW NAAM. Toestemming wordt verleend tot het
      kopi&#235;ren, verspreiden en/of wijzigen van dit document onder de
      bepalingen van de GNU Vrije Documentatie Licentie, versie 1.2 of iedere
      latere versie uitgegeven door de Free Software Foundation; zonder
      Invariante Secties, zonder Omslagteksten voor de Voorkant en zonder
      Omslagteksten voor de Achterkant. Een kopie van de licentie is opgenomen
      in de sectie getiteld "GNU Vrije Documentatie Licentie".</para>
    </blockquote>
    <para>Heeft u Invariante Secties, Omslagteksten voor de Voorkant en
    Omslagteksten voor de Achterkant, dan vervangt u de tekst
    "zonder...Achterkant." door:</para>
    <blockquote id="inv-cover-sample">
      <para>met als Invariante Secties SOM HUN TITELS OP, met als Omslagteksten
      voor de Voorkant OPSOMMING en met als Omslagteksten voor de Achterkant
      OPSOMMING.</para>
    </blockquote>
    <para>Heeft u Invariante Secties zonder Omslagteksten, of een andere
    combinatie van die drie, voeg de twee alternatieven dan samen, zodanig dat
    ze passen bij uw situatie.</para>
    <para>Bevat uw document niet-triviale voorbeelden van programmacode, dan
    raden we u aan deze parallel vrij te geven onder een vrije software
    licentie van uw keuze, zoals de GNU General Public License, zodat ze
    gebruikt kunnen worden in vrije software.</para>
  </section>
</appendix>
