<?xml version="1.0" encoding="utf-8"?>
<legalnotice id="legalnotice">
         <para>Het is toegestaan om dit document te verspreiden en/of wijzigen onder de bepalingen van de GNU Vrije Documentatie Licentie (GFDL), zoals uitgegeven door de Free Software Foundation; ofwel versie 1.1 van de Licentie,of (naar vrije keuze) een latere versie zonder invariante secties, zonder voorbladtekst en zonder achterbladtekst. U kunt <ulink type="help" url="ghelp:fdl">hier</ulink> een kopie van de GFDL vinden, of in het bestand COPYING-DOCS, meegeleverd met deze handleiding.</para>
          <para>Deze handleiding is onderdeel van de collectie van GNOME handleidingingen, verspreid onder de GFDL. Als u deze handleiding apart van de collectie wilt verspreiden, mag u dit doen door een kopie van de licentie toe te voegen aan de handleiding, zoals beschreven in sectie 6 van de licentie.</para>
 
         <para>Veel van de namen die gebruikt worden door bedrijven om hun producten te onderscheiden zijn beschermd als trademark. Wanneer deze namen voorkomen in de GNOME documentatie, en de leden van het GNOME Documentatieproject zijn geïnformeerd over dit feit, zullen de namen in hoofdletters of met beginhoofdletter geschreven worden.</para>
 
         <para>DOCUMENT EN BEWERKTE VERSIE VAN HET DOCUMENT WORDEN GELEVERD ONDER DE BEPALINGEN VAN DE GNU PUBLIEKE DOCUMENTATIELICENTIE MET HET BEGRIP DAT: <orderedlist><listitem><para>DOCUMENT "ZOALS GELEVERD" BIEDT GEEN ENKELE GARANTIE VOOR ZOVER MOGELIJK BINNEN DE GELDENDE WETGEVING, HETZIJ EXPLICIET, HETZIJ IMPLICIET, INCLUSIEF MAAR NIET BEPERKT TOT GARANTIES DAT HET DOCUMENT OF EEN BEWERKTE VERSIE VAN HET DOCUMENT VRIJ IS VAN DEFECTEN, GESCHIKT IS VOOR EEN BEPAALD DOEL OF GEEN INBREUK MAAKT. HET RISICO AANGAANDE DE KWALITEIT, CORRECTHEID EN BRUIKBAARHEID VAN HET DOCUMENT OF BEWERKTE VERSIE VAN HET DOCUMENT LIGT VOLLEDIG BIJ U. MOCHT HET DOCUMENT NIET VRIJ ZIJN VAN DEFECTEN, DAN DIENT U (NIET DE ORIGINELE AUTEUR, SCHRIJVER OF EEN VAN DE MENSEN DIE BIJDRAGEN HEBBEN GELEVERD) DE KOSTEN TE DRAGEN VAN ONDERHOUD, REPARATIE OF CORRECTIE. DIT DEEL IS EEN ESSENTIEEL DEEL VAN DE LICENTIE. GEBRUIK VAN HET DOCUMENT OF BEWERKTE VERSIE VAN HET DOCUMENT IS SLECHTS TOEGESTAAN VOLGENS DE TERMEN VAN DIT DEEL; EN</para></listitem><listitem><para>ONDER GEEN ENKELE OMSTANDIGHEDEN EN ONDER GEEN ENKELE JURIDISCHE THEORIE, ZAL DE ORIGINELE AUTEUR, SCHRIJVER, EEN VAN DE MENSEN DIE BIJDRAGEN HEBBEN GELEVERD OF EEN VAN DE VERSPREIDERS VAN HET DOCUMENT OF BEWERKTE VERSIE VAN HET DOCUMENT, OF ENIGE LEVERANCIER VAN EERDERGENOEMDE PARTIJEN, AANSPRAKELIJK ZIJN TEGENOVER IEMAND VOOR DIRECTE OF INDIRECTE, SPECIALE, INCIDENTELE, OF CONCEQUENTIËLE SCHADE VAN ENIG TYPE INCLUSIEF, MAAR NIET BEPERKT TOT SCHADE GELEDEN AAN GOODWILL, VERLOREN WERKTIJD, SCHADE AAN COMPUTERS, OF EEN VAN DE ANDERE TYPEN SCHADE OF VERLIEZEN VOORTKOMEND UIT OF GERELATEERD AAN GEBRUIK VAN HET DOCUMENT OF EEN BEWERKTE VERSIE VAN HET DOCUMENT, OOK AL IS ZO'N PARTIJ GEÏNFORMEERD VAN ZULKE SCHADE.</para></listitem></orderedlist></para>
   </legalnotice>
